Filename,Speaker,Group,Gender,Syl_Dur_Ratio,Vow_Dur_Ratio,Delta_Int_Mean,Delta_St_Mean
L1_03_12,L1_03,Native,Male,2.510795054135444,1.977514439173461,6.785600191995229,3.716770542199508
L1_03_13,L1_03,Native,Male,1.19717627777158,0.7068364330179381,-5.360106567147,2.467527698572561
L1_03_18,L1_03,Native,Male,1.3134005718911383,0.5465254687475403,-4.208294569301792,0.532241655210326
L1_03_19,L1_03,Native,Male,2.0364164485126803,0.7503717431559397,-3.819926858215254,0.6024526649127069
L1_03_05,L1_03,Native,Male,1.1866862816731303,1.2173257258361299,2.827377658841499,-0.09215888528886396
L1_03_04,L1_03,Native,Male,1.6561547309633602,0.5631574430501547,-3.2803150942418142,0.20805019713051776
L1_03_02,L1_03,Native,Male,1.826462936147772,0.3758860406188631,-1.2027882096333542,-0.6349950222748211
L1_03_03,L1_03,Native,Male,1.5603422292510218,0.5850393892380392,-1.9638760436752634,1.8128139455382217
L1_03_08,L1_03,Native,Male,2.087939118310388,1.5234524677103098,-2.525517108253304,0.48874221996466005
L1_03_09,L1_03,Native,Male,0.8520047686871741,0.7284878615591105,-0.6191760135388691,0.26880964458098333
L1_03_15,L1_03,Native,Male,0.9362220251842208,0.6635022518284639,-2.85997163636182,-0.6290380390848327
L1_03_14,L1_03,Native,Male,4.247857542818141,4.043182716681911,1.591101388256206,-1.7039109342245777
L1_03_20,L1_03,Native,Male,1.0399000794693503,0.8724963933522719,-0.14822925318041769,1.052165625453781
L1_03_06,L1_03,Native,Male,0.8632711080477696,0.8949535358668793,3.4530148496833135,0.5267420731313797
L1_03_07,L1_03,Native,Male,1.4988487726131963,0.3992730661151831,-3.5423312793554658,0.258048074942703
L1_03_11,L1_03,Native,Male,1.6130933776360241,0.8980735338593772,-3.8724904713221804,0.8156956177819548
L1_03_10,L1_03,Native,Male,2.516069049936509,0.7997062358997926,-1.1820754698887157,0.7267478037640402
L1_03_16,L1_03,Native,Male,1.1475430349332398,1.2207691957491313,-0.650259181431629,-0.5490270951660803
L1_03_17,L1_03,Native,Male,1.6046201661569512,0.876187416147216,-5.6429693460918315,1.1477506949880543
L1_03_01,L1_03,Native,Male,2.2238342057839193,,-2.93999292633422,0.21128315846591272
L2_05_13,L2_05,Learner,Female,1.707728929554415,0.7980862910290446,-3.4166866081093445,3.11623085057845
L2_05_12,L2_05,Learner,Female,1.775667325127892,0.6701719337252593,-0.08477507189931544,0.44695551267222555
L2_05_19,L2_05,Learner,Female,2.37172940239519,2.267436733275187,2.452005272641486,0.7321672396436014
L2_05_18,L2_05,Learner,Female,1.2551703053383927,0.6880814191689835,2.027420720571179,-0.05641272843118195
L2_05_04,L2_05,Learner,Female,1.9265200014470418,0.8094074069835039,3.0676506304663036,0.1450033258910448
L2_05_05,L2_05,Learner,Female,2.6152865577363196,2.7326228078673482,0.8865497123746593,-1.0161812387469702
L2_05_03,L2_05,Learner,Female,2.3605088287842464,0.38918550664436663,2.6171945179171416,-0.0064232655445621845
L2_05_02,L2_05,Learner,Female,2.4987238362854582,1.8149815953122408,4.755841987715165,1.2254060637802304
L2_05_09,L2_05,Learner,Female,1.5737161334731242,0.5408053373523461,5.8511125299772,-0.11304714577272534
L2_05_08,L2_05,Learner,Female,1.2800326391856147,1.691068313447127,3.389592250113786,0.9045108128807211
L2_05_15,L2_05,Learner,Female,2.2875371900024954,1.8222677668382852,2.5233959668337462,0.30102510374917735
L2_05_20,L2_05,Learner,Female,1.7358887100165354,1.1850270567458001,2.1457833859508,0.9571645413221805
L2_05_07,L2_05,Learner,Female,2.9522792976420207,1.3933962294522968,3.1565891925868996,0.8175621610747221
L2_05_06,L2_05,Learner,Female,1.2930496489081997,0.8842712364097711,2.377441129730059,0.8334508018067304
L2_05_10,L2_05,Learner,Female,3.344539486771432,1.4135367435121202,0.09569604437696455,-0.15620134427670251
L2_05_11,L2_05,Learner,Female,1.5292580800463198,0.5725519854971161,6.227880645262637,0.4931817751172076
L2_05_17,L2_05,Learner,Female,2.057065661285032,1.4969027463525488,-2.472608475303616,0.9054460377923075
L2_05_16,L2_05,Learner,Female,2.7159947315464232,2.0593575804374913,0.2490902562692625,-0.4767808266117015
L2_05_01,L2_05,Learner,Female,1.5151385246286546,0.5534138020451442,-0.6656082088491218,1.7317229655385464
L1_05_02,L1_05,Native,Female,2.3164456943104317,0.5895548691359392,0.30023508853779646,-1.4825636340355377
L1_05_03,L1_05,Native,Female,1.3926905755544732,0.261100794049541,-0.9768200414553831,-1.3101607124467964
L1_05_08,L1_05,Native,Female,1.3515191696396351,0.6980399461062455,0.5884237480995864,-0.6538504041055546
L1_05_09,L1_05,Native,Female,0.7579841442472064,0.6729418941436228,2.753984456514509,-0.9566128249775296
L1_05_15,L1_05,Native,Female,1.3262392848264113,0.8216434218638313,-0.3889424859358286,-0.7728591078229421
L1_05_14,L1_05,Native,Female,3.500287427116695,2.564950388141904,-0.7983786491510685,-1.673386005146405
L1_05_20,L1_05,Native,Female,0.9015848157532321,0.6330717155641604,0.2918922351466051,-0.6642431058352649
L1_05_12,L1_05,Native,Female,1.5717827519025567,0.5880859554347472,-0.7808177291279819,-1.7439230916542812
L1_05_13,L1_05,Native,Female,1.2654925792715708,1.0770105891789907,-3.5126575839056926,-1.103497193198443
L1_05_18,L1_05,Native,Female,1.0379864909925716,0.5610160170087269,-0.6729581852649389,-0.587651021735276
L1_05_19,L1_05,Native,Female,1.3887363236127448,0.9086470672059546,-2.47186626093292,-1.8599482328751158
L1_05_05,L1_05,Native,Female,1.4128365198556507,1.3496576950486356,1.9044647800011063,-0.452860324811569
L1_05_04,L1_05,Native,Female,1.5147013065219472,0.45036618950562374,-0.21813643952202,-0.5890756899000351
L1_05_16,L1_05,Native,Female,1.270180779475383,1.2974786873227042,-1.0578778053119606,-0.40680606334503544
L1_05_17,L1_05,Native,Female,1.54445837396109,0.6231730430159947,-3.3886676196534893,0.03223950083365246
L1_05_01,L1_05,Native,Female,2.7348225375909543,1.2668180183557678,-4.108659685421394,-1.1080532762850055
L1_05_06,L1_05,Native,Female,1.1059565763354606,1.461790631523383,3.431154934013861,-1.3350969416223588
L1_05_07,L1_05,Native,Female,2.2537356952583267,0.8844868569320284,0.24060424091815946,-0.78646972694197
L1_05_11,L1_05,Native,Female,0.8386890530562161,0.7399207619451293,1.365531892650857,-1.4153245638787855
L1_05_10,L1_05,Native,Female,1.6231519306884226,0.4757058285302997,-4.465370118051204,-0.9176589692619572
L2_03_03,L2_03,Learner,Male,1.4189275095129785,0.6830694461401975,-5.689214996850069,2.2105798439736657
L2_03_02,L2_03,Learner,Male,1.7663208681795166,1.2091068988802391,0.3662489050176845,-4.367816006528828
L2_03_09,L2_03,Learner,Male,0.8025984840920365,0.7164625852217591,-1.281268192941866,2.24275004830365
L2_03_08,L2_03,Learner,Male,1.2305513907261747,1.3470742632458488,1.436857517566878,2.791926692475346
L2_03_14,L2_03,Learner,Male,2.587047976927718,1.8118882993830037,-0.9279920851014367,3.149060268956651
L2_03_15,L2_03,Learner,Male,1.0774928823887837,0.7770729735755348,-0.705167371020039,1.7631559230925262
L2_03_20,L2_03,Learner,Male,1.0999020092160419,1.1695089987857468,1.5818642010085355,2.1404626779734164
L2_03_13,L2_03,Learner,Male,2.4064064097243096,1.224979172811722,1.7072953974008769,5.845790865860638
L2_03_12,L2_03,Learner,Male,1.49482276425216,1.2815428823047648,0.8774627720085775,4.529773853581102
L2_03_19,L2_03,Learner,Male,1.5553115376193207,1.250787928558604,-1.2890434430688131,-2.8821314637429962
L2_03_18,L2_03,Learner,Male,0.8008257241659291,0.740111044136318,-3.270615462351614,2.58307287273479
L2_03_04,L2_03,Learner,Male,1.549839902726352,0.6524803677165643,-2.8107711905605015,3.024528640589608
L2_03_05,L2_03,Learner,Male,1.652976462058848,1.6485373126654186,-6.280884736315336,4.3764340245733635
L2_03_17,L2_03,Learner,Male,1.4439098655998235,1.135538587140832,-0.3815302322770364,2.813178789509209
L2_03_16,L2_03,Learner,Male,1.1383446669928772,1.0331847233886782,1.7364037854744296,1.9469818180522047
L2_03_01,L2_03,Learner,Male,1.8164545074360006,1.0928449568699607,-8.764997687332219,3.6149653439047817
L2_03_07,L2_03,Learner,Male,2.0363933296407013,1.0448144544798186,0.09493012447935456,1.3173782139547514
L2_03_06,L2_03,Learner,Male,1.5331111971438809,0.8016308934016853,1.1912585098679216,1.37082152096154
L2_03_10,L2_03,Learner,Male,2.6281684511142287,0.9430628272760017,-1.207570811293266,1.034070950892933
L2_03_11,L2_03,Learner,Male,1.1090713158603691,0.625764486982706,-6.069871730813922,3.481603183171808
L1_02_10,L1_02,Native,Male,2.1943634730344668,0.9584457662201548,-1.8234444736702216,-0.5115244441055387
L1_02_11,L1_02,Native,Male,1.2683505702241915,0.824515482583972,0.32303881747289864,-0.3173615333781976
L1_02_07,L1_02,Native,Male,1.7208415218635658,0.5442479623954681,-1.400828676003698,-0.2960978590343677
L1_02_06,L1_02,Native,Male,0.6522149952200548,1.2743727968849479,1.7911513957416858,-0.647539474014196
L1_02_01,L1_02,Native,Male,1.7834389926011749,1.589713215880154,-0.765606642972017,0.08130086394977187
L1_02_17,L1_02,Native,Male,0.7781238846166313,0.3365937786926372,-1.452888500381519,0.2474056914011351
L1_02_16,L1_02,Native,Male,0.907967632060553,0.9051793147905364,-0.6612418543111218,0.18634800929167739
L1_02_04,L1_02,Native,Male,1.3610318065644842,0.8731077235230124,-0.6150523945037705,-0.28573914658624755
L1_02_05,L1_02,Native,Male,0.754212222318524,0.9623610517091735,0.89442934856568,0.09629151374894107
L1_02_19,L1_02,Native,Male,0.9251092517311699,0.49854870280860597,-6.2954396801655435,0.009585758988871262
L1_02_18,L1_02,Native,Male,1.1168500480496377,0.3811437112655093,0.005241925309675821,0.24658320968851832
L1_02_13,L1_02,Native,Male,1.6513283324000643,,-2.78532844890524,0.2197624704231318
L1_02_12,L1_02,Native,Male,2.2535485099512846,0.4520866813617642,0.3375511196836527,0.991030410350402
L1_02_20,L1_02,Native,Male,0.6592652667088851,0.7459008246020477,-3.47510153843114,-0.23846152623061823
L1_02_14,L1_02,Native,Male,4.302244859742619,2.9829857917019473,1.641280882346969,-0.2886890454852411
L1_02_15,L1_02,Native,Male,0.8244255440562431,,1.3586885909291126,0.14650355020559847
L1_02_09,L1_02,Native,Male,0.6309027841352131,0.5700761918529972,-1.4806130449714772,-0.4979789429608381
L1_02_08,L1_02,Native,Male,1.1986781345565363,1.6494346683266972,-1.1724315341322367,-0.6171430103062914
L1_02_03,L1_02,Native,Male,1.1218105083827008,0.4696578602196437,-0.6597585449794039,-0.17859937094406275
L1_02_02,L1_02,Native,Male,1.4319085599634778,0.4600268840974472,0.39041623869634634,-0.7047536431109234
L2_04_11,L2_04,Learner,Female,1.4182297318245223,0.26905853842322003,-5.76140917211125,-3.4553275868355797
L2_04_10,L2_04,Learner,Female,3.613752886370285,1.166504669799364,-3.261079403966569,-0.013904544721594192
L2_04_06,L2_04,Learner,Female,1.9119243926210974,0.9612296118904216,-2.6647724261222834,0.9744434677582916
L2_04_07,L2_04,Learner,Female,3.917642801296941,1.554304402267042,-1.6153370809081693,0.3827801458939195
L2_04_01,L2_04,Learner,Female,2.627304434479321,1.238940276469254,-1.1414252309537645,1.4035636149790012
L2_04_16,L2_04,Learner,Female,1.3658556855344803,1.1430265777308521,-3.2103108336213424,1.4987447362808197
L2_04_17,L2_04,Learner,Female,1.892934981232199,,-5.300986016137713,-0.4912450838846496
L2_04_05,L2_04,Learner,Female,1.7309740381757228,0.9521681550509905,-6.593519608657914,-3.2895695928939546
L2_04_04,L2_04,Learner,Female,1.312979769738712,0.3748884277786675,-6.773801097392912,0.5428228116111686
L2_04_18,L2_04,Learner,Female,1.4116982434032073,,-4.192975580004273,-0.06272572372462548
L2_04_19,L2_04,Learner,Female,2.0449639398598283,1.0727590796150024,-4.22829096900265,1.2794449212012182
L2_04_12,L2_04,Learner,Female,2.2861458597748894,1.0773781696171865,0.8454131888008192,0.6167111047534526
L2_04_13,L2_04,Learner,Female,1.4886620023245734,0.9799000044760047,-1.0127513260449916,1.3038514107721024
L2_04_20,L2_04,Learner,Female,1.3510544254824748,0.9309021425119043,-4.529617395121214,0.6109112498384874
L2_04_15,L2_04,Learner,Female,1.5379412926766889,1.3768356159773114,-3.9849296058654033,1.2337800304106956
L2_04_14,L2_04,Learner,Female,4.453728212555555,4.818314760425594,2.574939188571925,0.6559187402297866
L2_04_08,L2_04,Learner,Female,1.9463346194317814,1.7130938387696348,-3.2867189371028616,-0.5439267188914556
L2_04_09,L2_04,Learner,Female,1.0182415589594103,0.32751941571812987,-3.677745785232638,-2.3272864778435913
L2_04_02,L2_04,Learner,Female,2.305669203853814,1.0972299329856279,-1.3371149350631555,-0.21207022567149103
L2_04_03,L2_04,Learner,Female,1.5772919026240884,0.4666748172127308,-4.923684097647836,0.23609749418878145
L2_01_06,L2_01,Learner,Male,1.163043753310863,0.6089679731853279,-3.2609333764366752,2.1206405182561614
L2_01_07,L2_01,Learner,Male,2.12794265528988,0.83310623642102,-2.015865992028779,2.0392959429506465
L2_01_11,L2_01,Learner,Male,2.156268188885054,1.0380879820444842,-3.4909482940921563,-2.8523998854315806
L2_01_10,L2_01,Learner,Male,2.3862484248589078,0.8971800756009225,-0.31544635864990056,0.9451620424099625
L2_01_16,L2_01,Learner,Male,0.6499563197796815,0.4561248368881112,0.899591945870597,1.375242958956329
L2_01_17,L2_01,Learner,Male,0.9005714117369017,0.36747848567485525,-1.7863034126015833,2.919085683597142
L2_01_01,L2_01,Learner,Male,1.6306008085870882,1.0571428571428574,-4.022456564878155,1.9255917019253757
L2_01_12,L2_01,Learner,Male,1.3254827074050488,0.8705714656841673,3.803309822963193,2.8630728919455066
L2_01_13,L2_01,Learner,Male,1.6114114322234006,0.4330484231910564,-1.2177223313248149,3.495781621626083
L2_01_18,L2_01,Learner,Male,0.8635786321201713,0.3317245326379684,-0.06542372007699271,0.8081100632718727
L2_01_19,L2_01,Learner,Male,0.8698469854853457,0.3937685049353241,-6.096739648852328,1.7502704183052895
L2_01_05,L2_01,Learner,Male,0.8920931515898022,0.38412334782699725,-3.455375200300317,2.55107284095525
L2_01_04,L2_01,Learner,Male,1.2354212462082277,0.34287666812035805,-5.133947068511944,-1.4117086311439508
L2_01_02,L2_01,Learner,Male,1.1642072629571178,0.6070238944880737,-2.277583979547927,-1.1162643554749474
L2_01_03,L2_01,Learner,Male,1.3161765046382903,0.4993565016856238,-0.8959095314231149,-0.39849175949789695
L2_01_08,L2_01,Learner,Male,1.967941887606969,1.8403445898306698,-1.2329369599579536,1.598203052514613
L2_01_09,L2_01,Learner,Male,0.6789764801301373,0.36057108581710284,-0.04429932818706561,0.21920443306384474
L2_01_15,L2_01,Learner,Male,0.6487649306495781,0.4802832938268793,-3.3003225822666806,1.3349142315674065
L2_01_14,L2_01,Learner,Male,4.189729275335445,4.279247442761657,3.8841352180807007,1.3021891091926712
L2_01_20,L2_01,Learner,Male,0.7735727804761628,0.5244064797989285,0.2524255304441638,1.9363540509247825
L1_04_01,L1_04,Native,Female,2.670432271854332,5.80285514703041,-2.4593253221202573,-0.3793517563257751
L1_04_17,L1_04,Native,Female,0.9666899368468655,0.28867726449591946,-7.737056274797624,-1.1384126759986835
L1_04_16,L1_04,Native,Female,1.2770589858167167,1.3454031507114343,-1.7487879974210898,-0.16545690145324699
L1_04_10,L1_04,Native,Female,2.6068163181289843,0.565193481358765,-4.249110201168499,-0.06785311103927683
L1_04_11,L1_04,Native,Female,1.3887363236127457,0.5983952604076631,2.291491096993717,-2.5823030324506373
L1_04_07,L1_04,Native,Female,2.472162440926938,0.6756145067145705,1.5645388636039002,0.2540786573578764
L1_04_06,L1_04,Native,Female,0.4398020287740425,0.5058838134990953,-0.7606527635542619,-1.5041445581722215
L1_04_20,L1_04,Native,Female,0.6075900649229455,0.6219728812448738,-2.1049943431266414,0.07016821466786638
L1_04_14,L1_04,Native,Female,3.734020872017749,1.7955221751683617,-0.5440229721304917,1.0203561776933334
L1_04_15,L1_04,Native,Female,1.1883122194295328,0.8222159524846722,-5.494473169341987,-0.09799548885027676
L1_04_09,L1_04,Native,Female,0.5803977002022421,0.3357173841914521,-5.510320737411945,-2.340080082287674
L1_04_08,L1_04,Native,Female,1.853841588149337,1.5593855579052507,-0.0861005919239588,-0.5970757867150418
L1_04_03,L1_04,Native,Female,1.0757308087206012,0.3717292047903732,-0.9592528575772619,-0.36074879214136857
L1_04_02,L1_04,Native,Female,1.9369446878054992,0.7724524848923502,-5.905861507113755,-0.42464524797653525
L1_04_04,L1_04,Native,Female,1.1503959861609685,0.38373192437188247,-0.49834320520031383,-0.15205885414502518
L1_04_19,L1_04,Native,Female,1.0634756283836884,0.6566443207216252,-9.736236712245443,0.6169498307220209
L1_04_18,L1_04,Native,Female,1.2931380409076036,0.6268139314578882,-0.5597402678878325,0.41401883161160846
L1_04_13,L1_04,Native,Female,1.736636343132092,0.9306724243375061,-3.10916819970182,-0.21606029735094978
L1_04_12,L1_04,Native,Female,3.149298663570538,0.8383087686067777,5.234246853425184,4.370118463300759
L2_02_01,L2_02,Learner,Male,2.9064681880350167,1.335839740346758,-1.4690871156406544,0.21423398539013094
L2_02_16,L2_02,Learner,Male,1.2015989715158084,1.163289892655519,0.313346655622496,3.523419270940114
L2_02_17,L2_02,Learner,Male,1.1412104872426065,0.972003222502014,1.1858262628901386,2.5123617238616536
L2_02_10,L2_02,Learner,Male,2.311749561947609,0.7924480514034936,-5.994668436612599,1.705896349683817
L2_02_06,L2_02,Learner,Male,1.5913841206790567,1.1669382387095175,-0.7264860328047007,2.602016640558846
L2_02_07,L2_02,Learner,Male,1.9572186152989386,1.1765309126051309,-4.335937718379526,3.7033609973015524
L2_02_20,L2_02,Learner,Male,0.9750037096947548,0.820103770627119,-1.6467209774172744,1.1790109176039785
L2_02_15,L2_02,Learner,Male,1.1940876555444515,0.9492803125445188,-1.5200283693205279,2.866080983187539
L2_02_14,L2_02,Learner,Male,3.679339020400111,3.3798501903419997,0.7403955778148585,1.4084214036718596
L2_02_08,L2_02,Learner,Male,2.2422035726422243,1.2901150896683042,-2.6342968120246297,2.7458379433569577
L2_02_09,L2_02,Learner,Male,0.7787156356633695,0.679162155938741,-0.9626530334673689,3.2325579121122683
L2_02_02,L2_02,Learner,Male,1.6338434469644214,1.1713073297852306,-5.893675825952805,-2.3798472952417518
L2_02_03,L2_02,Learner,Male,1.1502615842755162,0.34264858436835127,-5.266793354778727,0.2533572299435587
L2_02_05,L2_02,Learner,Male,2.4224074441913426,3.67905456728203,-7.022547683922156,3.316673459042077
L2_02_04,L2_02,Learner,Male,1.3488063092023452,0.42509758216212995,-3.9130859467487937,1.0679685802773102
L2_02_18,L2_02,Learner,Male,1.179164142301139,0.40077959120310636,-4.346906705648394,0.17558094688871062
L2_02_19,L2_02,Learner,Male,1.5748269498161436,1.0918174665598352,-4.3673643820087165,1.2316247798330329
L2_02_12,L2_02,Learner,Male,2.2078696372167594,0.7839336098606955,0.195656187329746,1.7708914871701245
L2_02_13,L2_02,Learner,Male,1.6548389646922492,1.0972217139789704,-2.347185439200004,1.7601107898196267
L1_01_17,L1_01,Native,Male,0.9360654713482115,0.5148995506283626,-1.8614880352276657,3.0013847038633186
L1_01_16,L1_01,Native,Male,1.1077518987796138,0.8270608802635612,1.5350717943974175,1.7107612254178952
L1_01_01,L1_01,Native,Male,1.508642269753248,1.1509309921463406,-0.9294278657594433,0.7788722365189553
L1_01_07,L1_01,Native,Male,1.7835250138069698,0.6622044337899256,0.018365933738273554,0.32080977204113825
L1_01_06,L1_01,Native,Male,0.7272485088935005,2.194291033076204,-1.769816835909765,4.1733391989880815
L1_01_10,L1_01,Native,Male,3.524679811986733,1.5027866964622503,-0.24171737031564788,0.7097219476916599
L1_01_11,L1_01,Native,Male,1.4995060946619037,0.47806069053143757,0.5205131814106068,2.1196720134042004
L1_01_03,L1_01,Native,Male,1.3806420782831565,0.4319261946689068,0.6178199720553152,5.091253515491616
L1_01_02,L1_01,Native,Male,1.587753330472645,0.8129199912836161,-0.10609172129804278,2.7886142700037144
L1_01_09,L1_01,Native,Male,0.5369513392231098,0.489659112130579,1.2781656863498299,4.74295239455079
L1_01_08,L1_01,Native,Male,1.0596485750334244,0.677532270271617,2.5956327201430085,0.05589902610713082
L1_01_15,L1_01,Native,Male,0.839308636309955,0.5956440570125484,-2.3534503565917504,0.8691832332936524
L1_01_20,L1_01,Native,Male,0.5594717709013788,0.4267134574823648,-1.6871167174710493,3.9227525267432983
L1_01_13,L1_01,Native,Male,1.5516948462861193,0.8399368697896658,-2.3253124621415253,2.6173554465087303
L1_01_12,L1_01,Native,Male,1.7990127469119492,0.8378903955420077,-2.4973808215456827,2.9313882329239185
L1_01_19,L1_01,Native,Male,0.6302130729688896,0.37568543768092083,-5.4245965550243795,0.6407632882507657
L1_01_18,L1_01,Native,Male,0.9666527383154997,0.4490640187784507,-2.9183887715322214,1.5107360775252872
L1_01_04,L1_01,Native,Male,1.4069710189982496,0.5077585477845821,1.1859211890210801,0.056312380495520564
L1_01_05,L1_01,Native,Male,0.8479278440833169,1.362615764908789,0.6751833740144733,2.439103411613847
